le
INSERT INTO t_clg_paciente (
		NM_PACIENTE,
		DS_EMAIL,
		DS_SENHA,
		DT_NASCIMENTO,
		DS_GENERO,
		IM_AVATAR_URL,
		NR_CPF,
		NR_CPF_DIGITO,
		NR_TELEFONE,
		NR_TELEFONE_DDD
	)
VALUES (
		'Mariana Vila Palhares',
		'mariavilaca@gmail.com',
		'$2a$12$m88GLeWTPnY5re2tZK4y5uEfqAjuYC22cKpb.nxJPdU1l6lUhSMsW',
		'2000/07/17',
		'M',
		'clinicasim.com/fortaleza/wp-content/uploads/sites/2/2017/09/pacientes-ptio-e-parque.png',
		232898940,
		25,
		987451452,
		11
	);
INSERT INTO t_clg_paciente (
		NM_PACIENTE,
		DS_EMAIL,
		DS_SENHA,
		DT_NASCIMENTO,
		DS_GENERO,
		IM_AVATAR_URL,
		NR_CPF,
		NR_CPF_DIGITO,
		NR_TELEFONE,
		NR_TELEFONE_DDD
	)
VALUES (
		'Haniela Lages Areosa',
		'hanielalages@gmail.com',
		'$2a$12$hxEkJeB4mkb.RhWil9SQG..1E.Ziilif.mfJSPzBc/foPg8BNgG9m',
		'2001/10/25',
		'M',
		'www.mundorh.com.br/wp-content/uploads/2021/02/mulher-signo-2021.jpg',
		431552120,
		55,
		364799670,
		17
	);
INSERT INTO t_clg_paciente (
		NM_PACIENTE,
		DS_EMAIL,
		DS_SENHA,
		DT_NASCIMENTO,
		DS_GENERO,
		IM_AVATAR_URL,
		NR_CPF,
		NR_CPF_DIGITO,
		NR_TELEFONE,
		NR_TELEFONE_DDD
	)
VALUES (
		'Karen Bouça Liberato',
		'karenliberato@gmail.com',
		'$2a$12$lzBG38A6K7t2HBNljQ9d/.rErMXjNwhhlizSYPlqaY4f2w1NF68SK',
		'1997/05/02',
		'M',
		'm.extra.globo.com/incoming/24667028-9dc-2dd/w367h550-PROP/ext_priscilla.jpg',
		683819770,
		70,
		167531409,
		13
	);
INSERT INTO t_clg_paciente (
		NM_PACIENTE,
		DS_EMAIL,
		DS_SENHA,
		DT_NASCIMENTO,
		DS_GENERO,
		IM_AVATAR_URL,
		NR_CPF,
		NR_CPF_DIGITO,
		NR_TELEFONE,
		NR_TELEFONE_DDD
	)
VALUES (
		'Dólia Fernandes Monjardim',
		'daliafernandes@gmail.com',
		'$2a$12$HQgyVFc99HvaEw5Z8AnruexvnL30ygRuqPm/QJ1w3IzWB/5RTCumy',
		'1999/01/20'
		'M',
		'vejasp.abril.com.br/wp-content/uploads/2021/02/jovem.jpeg',
		129422480,
		84,
		499277651,
		15
	);
INSERT INTO t_clg_paciente (
		NM_PACIENTE,
		DS_EMAIL,
		DS_SENHA,
		DT_NASCIMENTO,
		DS_GENERO,
		IM_AVATAR_URL,
		NR_CPF,
		NR_CPF_DIGITO,
		NR_TELEFONE,
		NR_TELEFONE_DDD
	)
VALUES (
		'Micael Foquião Oleiro',
		'micaelvilaca@gmail.com',
		'$2a$12$pRTsS9y0hryHF.UGN8Bz3eVPwPpk.w2FaJYX.bcGhSrjaoHY1OD4O',
		'2002/07/15',
		'H',
		'static1.dermaclub.com.br/articles/7/52/27/@/11757-xxx-article_media_header_mobile-2.jpg',
		735425470,
		34,
		678550566,
		27
	);
INSERT INTO t_clg_paciente (
		NM_PACIENTE,
		DS_EMAIL,
		DS_SENHA,
		DT_NASCIMENTO,
		DS_GENERO,
		IM_AVATAR_URL,
		NR_CPF,
		NR_CPF_DIGITO,
		NR_TELEFONE,
		NR_TELEFONE_DDD
	)
VALUES (
		'Mara Furquim Franca',
		'marafranca@gmail.com',
		'$2a$12$LTBnQ83uHTmbc8am9jwaB./3yFoiIXyCVz0axzApG8EvnPjMfqBkO',
		'1990/03/06',
		'NB',
		null,
		150128280,
		89,
		606869435,
		66
	);
INSERT INTO t_clg_paciente (
		NM_PACIENTE,
		DS_EMAIL,
		DS_SENHA,
		DT_NASCIMENTO,
		DS_GENERO,
		IM_AVATAR_URL,
		NR_CPF,
		NR_CPF_DIGITO,
		NR_TELEFONE,
		NR_TELEFONE_DDD
	)
VALUES (
		'Emanuel Parente Clementino',
		'emanuelparente@gmail.com',
		'$2a$12$I0fEBgE1Shx4XvltRMBqE.Xuho1/SANRgGtOTcZcEB/JN4wLgmUzK',
		'2002/08/07',
		'H',
		'st2.depositphotos.com/4071389/7049/i/600/depositphotos_70494773-stock-photo-attractive-man-posing.jpg',
		861953930,
		29,
		781351228,
		11
	);
INSERT INTO t_clg_paciente (
		NM_PACIENTE,
		DS_EMAIL,
		DS_SENHA,
		DT_NASCIMENTO,
		DS_GENERO,
		IM_AVATAR_URL,
		NR_CPF,
		NR_CPF_DIGITO,
		NR_TELEFONE,
		NR_TELEFONE_DDD
	)
VALUES (
		'Alessandro Cisneiros Vidal',
		'alevidal@gmail.com',
		'$2a$12$YiHDL0szAWKRVqUMweQVleKgY9K4DaUFWzquba8/ySE13WXr9Vtqm',
		'1996/08/27',
		'H',
		'null',
		333416760,
		74,
		362164293,
		48
	);
INSERT INTO t_clg_paciente (
		NM_PACIENTE,
		DS_EMAIL,
		DS_SENHA,
		DT_NASCIMENTO,
		DS_GENERO,
		IM_AVATAR_URL,
		NR_CPF,
		NR_CPF_DIGITO,
		NR_TELEFONE,
		NR_TELEFONE_DDD
	)
VALUES (
		'Beatriz Afonso Gabeira',
		'beatrizafonso@gmail.com',
		'$2a$12$31y8RIo44.fs6c24qwu9sOqlmGZFIdFAJIj/OMQRrsvTvKMyrmtLS',
		'04/02/1997',
		'M',
		null,
		395962640,
		10,
		880793935,
		85
	);
INSERT INTO t_clg_paciente (
		NM_PACIENTE,
		DS_EMAIL,
		DS_SENHA,
		DT_NASCIMENTO,
		DS_GENERO,
		IM_AVATAR_URL,
		NR_CPF,
		NR_CPF_DIGITO,
		NR_TELEFONE,
		NR_TELEFONE_DDD
	)
VALUES (
		'Ava Brites Infante',
		'avabrites@gmail.com',
		'$2a$12$oIEiNGisgS9pKnOkA3DkIuMvMsYOnAwQyM9BOgz6YELEHk8rSUD0C',
		'2000/01/17',
		'M',
		'static1.purepeople.com.br/articles/7/28/07/77/@/3189181-mulher-de-gusttavo-lima-andressa-suita-624x600-2.jpg',
		337050490,
		11,
		599050611,
		61
	);
INSERT INTO t_clg_paciente (
		NM_PACIENTE,
		DS_EMAIL,
		DS_SENHA,
		DT_NASCIMENTO,
		DS_GENERO,
		IM_AVATAR_URL,
		NR_CPF,
		NR_CPF_DIGITO,
		NR_TELEFONE,
		NR_TELEFONE_DDD
	)
VALUES (
		'Vortechs',
		'vortechs@gmail.com',
		'Teste1',
		'2000/07/17',
		'M',
		'clinicasim.com/fortaleza/wp-content/uploads/sites/2/2017/09/pacientes-ptio-e-parque.png',
		282348600,
		38,
		982351452,
		11
	);

INSERT INTO t_clg_especialidade (TP_ESPECIALIDADE)
VALUES ('Neuropsicologia');
INSERT INTO t_clg_especialidade (TP_ESPECIALIDADE)
VALUES ('Psicologia educacional');
INSERT INTO t_clg_especialidade (TP_ESPECIALIDADE)
VALUES ('Psicologia esportiva');
INSERT INTO t_clg_especialidade (TP_ESPECIALIDADE)
VALUES ('Psicologia social');
INSERT INTO t_clg_especialidade (TP_ESPECIALIDADE)
VALUES ('Psicologia do trânsito');
INSERT INTO t_clg_especialidade (TP_ESPECIALIDADE)
VALUES ('Comportamento do consumidor');
INSERT INTO t_clg_especialidade (TP_ESPECIALIDADE)
VALUES ('Orientação profissional');
INSERT INTO t_clg_especialidade (TP_ESPECIALIDADE)
VALUES ('Acompanhamento terapêutico');
INSERT INTO t_clg_especialidade (TP_ESPECIALIDADE)
VALUES ('Psicologia do trânsito');
INSERT INTO t_clg_especialidade (TP_ESPECIALIDADE)
VALUES ('Psicologia organizacional');

INSERT INTO t_clg_especialista (
		NM_ESPECIALISTA,
		DS_EMAIL,
		DS_SENHA,
		DT_NASCIMENTO,
		DS_GENERO,
		DS_SOBRE,
		IM_AVATAR_URL,
		VL_CONSULTA,
		NR_CNPJ,
		NR_CNPJ_DIGITO,
		NR_CPF,
		NR_CPF_DIGITO,
		NR_TELEFONE,
		NR_TELEFONE_DDD,
		NR_CRP,
		NR_CRM
	)
VALUES (
		'Radija Guerreiro Baía',
		'radijabaia@gmail.com',
		'$2a$12$bIgEwtnDxVCcQ3d3mYrWYexKyWkqrfbsFsi9jxa9SYq8OFboy.zLG',
		'1980/01/10',
		'NB',
		'Sou psicóloga clínica há mais de vinte anos e tenho atuado atendendo pessoas individualmente ou em terapia psicólogica de grupo. minha formação acadêmica na usp me possibilitou fazer o mestrado em pesquisa clínica atendendo crianças e ofertando orientação a pais e responsáveis. também supervisionei profissionais da área da saúde no sus. já lecionei algumas disciplinas de psicologia em faculdades e em cursos elaborados diretamente por mim. se você quer fazer psicoterapia ou coaching profissional em um ambiente que valorize a empatia, o aprofundamento nas questões psicológicas e o comprometimento com o processo marque sua primeira sessão comigo! Na primeira sessão que vamos combinar o contrato terapêutico e que você poderá tirar todas as suas dúvidas sobre meu trabalho.',
		'amni.org.br/wp-content/uploads/2015/05/doutora.png',
		150.00,
		NULL,
		NULL,
		624481330,
		85,
		326380637,
		60,
		14587,
		NULL
	);
INSERT INTO t_clg_especialista (
		NM_ESPECIALISTA,
		DS_EMAIL,
		DS_SENHA,
		DT_NASCIMENTO,
		DS_GENERO,
		DS_SOBRE,
		IM_AVATAR_URL,
		VL_CONSULTA,
		NR_CNPJ,
		NR_CNPJ_DIGITO,
		NR_CPF,
		NR_CPF_DIGITO,
		NR_TELEFONE,
		NR_TELEFONE_DDD,
		NR_CRP,
		NR_CRM
	)
VALUES (
		'Levi Figueira Azevedo',
		'leviazevedo@gmail.com',
		'$2a$12$SUhKJ5z93oDC7Hc9XRJHS.Td64/njB5eTNB1CwIHNaEMTVpaJGpsa',
		'1970/05/02',
		'H',
		'Uma das perguntas que mais escuto é : quem é o melhor psiquiatra de sp (são paulo), ou quem são os melhores psiquiatras de são paulo ou os melhores psiquiatras do brasil. o que eu sempre digo, existem inúmeros bons profissionais em todas as regiões do mundo. características mínimas para identificar um bom profissional : ter empatia, saber lidar com as pessoas, ser dedicado, ser confiável e ser estudioso. com isto, tenha certeza que você estará sendo bem tratado(a). o melhor para um, nem sempre é o melhor para o outro, lembre-se sempre disso. e é isto que procuro em toda minha equipe e os meus médicos de confiança.',
		'doutorfabiosa.com.br/wp-content/uploads/2020/08/doutor-fabio-sa-min.png',
		199.99,
		692951110001,
		79,
		NULL,
		NULL,
		412051657,
		89,
		NULL,
		36587
	);
INSERT INTO t_clg_especialista (
		NM_ESPECIALISTA,
		DS_EMAIL,
		DS_SENHA,
		DT_NASCIMENTO,
		DS_GENERO,
		DS_SOBRE,
		IM_AVATAR_URL,
		VL_CONSULTA,
		NR_CNPJ,
		NR_CNPJ_DIGITO,
		NR_CPF,
		NR_CPF_DIGITO,
		NR_TELEFONE,
		NR_TELEFONE_DDD,
		NR_CRP,
		NR_CRM
	)
VALUES (
		'Janira Bonito Veloso',
		'janiraveloso@gmail.com',
		'$2a$12$Sc00BSh99a8ccYzNOSq/iuTLHfB/R5pL7TlxwQBcFNMQRA/vI7.eC',
		'1985/09/18',
		'M',
		'ESPECIALIZOU-SE EM TERAPIA COGNITIVO-COMPORTAMENTAL PELO CENTRO DE ESTUDOS EM TERAPIA COGNITIVO COMPORTAMENTAL (CETCC) E TEM EXPERIÊNCIA NO AMBULATÓRIO DE SAÚDE DA MULHER E NO PROMULHER DO INSTITUTO DE PSIQUIATRIA DA FACULDADE DE MEDICINA DA USP. ATUALMENTE, EXERCE ATENDIMENTO INTEGRAL DE HOMENS E MULHERES EM CONSULTÓRIO PARTICULAR NA CIDADE DE SÃO PAULO, DEDICANDO-SE, ESPECIALMENTE, AS ÁREAS DE Depressão, ANSIEDADE, SÍNDROME DO PÂNICO, TRANSTORNO BIPOLAR, ALÉM DE DEDICAR-SE ATUALMENTE AO ESTUDO DE CANNABIS MEDICINAL.',
		'media.istockphoto.com/photos/doctor-woman-cheerful-smiling-at-camera-perfect-medical-service-in-picture-id1207727549',
		180,
		150867120001,
		42,
		NULL,
		NULL,
		485756371,
		62,
		16787,
		NULL
	);
INSERT INTO t_clg_especialista (
		NM_ESPECIALISTA,
		DS_EMAIL,
		DS_SENHA,
		DT_NASCIMENTO,
		DS_GENERO,
		DS_SOBRE,
		IM_AVATAR_URL,
		VL_CONSULTA,
		NR_CNPJ,
		NR_CNPJ_DIGITO,
		NR_CPF,
		NR_CPF_DIGITO,
		NR_TELEFONE,
		NR_TELEFONE_DDD,
		NR_CRP,
		NR_CRM
	)
VALUES (
		'Jerônimo Falcão Lameiras',
		'jeronimofalcao@gmail.com',
		'$2a$12$kmszYVulFUS13l3xJzrwnOxMLm9E8foPPAzJUK.YAwbUz8Q8xRbD6',
		'1992/04/02',
		'H',
		'PÓS-GRADUANDO EM PSIQUIATRIA NA FACULDADE DE CIÊNCIAS MÉDICAS DA SANTA CASA DE SÃO PAULO (FCMSCSP). REALIZO ATENDIMENTOS COM FOCO EM DEPENDÊNCIA QUÍMICA EM UM CENTRO DE ATENÇÃO PSICOSSOCIAL NA REGIÃO CENTRAL DE SP, TENDO COMO PÚBLICO, MORADORES DE RUA DA REGIÃO DA CRACOLâNDIA E BAIXADA DO GLICÓRIO. TENHO EXPERIÊNCIA NO ATENDIMENTO EM SAÚDE MENTAL, PROPORCIONANDO O CUIDADO INDIVIDUALIZADO E AMPLO EM TRANSTORNOS COMO Depressão, ANSIEDADE (PÂNICO, FOBIAS, ESTRESSES PÓS-TRAUMÁTICOS), TRANSTORNO AFETIVO BIPOLAR, COMPULSIVIDADE E TRANSTORNOS ALIMENTARES.',
		'globalmedclinica.com.br/wp-content/uploads/2017/04/gm-doutor-8.jpg',
		120.00,
		NULL,
		NULL,
		958509660,
		99,
		868828616,
		27,
		NULL,
		25417
	);
INSERT INTO t_clg_especialista (
		NM_ESPECIALISTA,
		DS_EMAIL,
		DS_SENHA,
		DT_NASCIMENTO,
		DS_GENERO,
		DS_SOBRE,
		IM_AVATAR_URL,
		VL_CONSULTA,
		NR_CNPJ,
		NR_CNPJ_DIGITO,
		NR_CPF,
		NR_CPF_DIGITO,
		NR_TELEFONE,
		NR_TELEFONE_DDD,
		NR_CRP,
		NR_CRM
	)
VALUES (
		'Dayane Marroquim Narvais',
		'DAYANE@NARVAIS.COM',
		'$2a$12$aMkArlYRsW6VNX0qjuAa8.wT/thO5pmMvbpJpCtRq1E8Ty5jWBe0O',
		'1976/01/10',
		'M',
		'FORMADA PELA FACULDADE DE MEDICINA DE MARÓLIA (FAMEMA). RESIDÊNCIA MÉDICA EM PSIQUIATRIA NO INSTITUTO DE ASSISTÊNCIA MÉDICA AO SERVIDOR PÚBLICO ESTADUAL DE SÃO PAULO (IAMSPE SP). EXPERIÊNCIA EM PSIQUIATRIA CLÍNICA E PSICOTERAPIA',
		null,
		220.00,
		034346760001,
		81,
		NULL,
		NULL,
		255217825,
		69,
		NULL,
		82145
	);
INSERT INTO t_clg_especialista (
		NM_ESPECIALISTA,
		DS_EMAIL,
		DS_SENHA,
		DT_NASCIMENTO,
		DS_GENERO,
		DS_SOBRE,
		IM_AVATAR_URL,
		VL_CONSULTA,
		NR_CNPJ,
		NR_CNPJ_DIGITO,
		NR_CPF,
		NR_CPF_DIGITO,
		NR_TELEFONE,
		NR_TELEFONE_DDD,
		NR_CRP,
		NR_CRM
	)
VALUES (
		'Erik Santiago Serralheiro',
		'eriksantiago@gmail.com',
		'$2a$12$GoVCZ4.B6AMKfAuAOjIysuFojeH.DOSBPli3bqLvX/dfKKh05atwO',
		'1991/03/24',
		'M',
		'APAIXONADA PELO UNIVERSO DA PSICOLOGIA E DAS RELAÇÕES HUMANAS, TENHO COMO OBJETIVO CRIAR UM AMBIENTE SEGURO E ACOLHEDOR PARA JUNTOS CAMINHARMOS PARA NOVAS DIREÇÕES E MELHOR QUALIDADE DE VIDA.',
		'thumbs.dreamstime.com/b/doutor-de-sorriso-no-trabalho-19524898.jpg',
		160.00,
		NULL,
		NULL,
		474633640,
		70,
		259591373,
		24,
		72241,
		NULL
	);
INSERT INTO t_clg_especialista (
		NM_ESPECIALISTA,
		DS_EMAIL,
		DS_SENHA,
		DT_NASCIMENTO,
		DS_GENERO,
		DS_SOBRE,
		IM_AVATAR_URL,
		VL_CONSULTA,
		NR_CNPJ,
		NR_CNPJ_DIGITO,
		NR_CPF,
		NR_CPF_DIGITO,
		NR_TELEFONE,
		NR_TELEFONE_DDD,
		NR_CRP,
		NR_CRM
	)
VALUES (
		'Oséias Mateus Alvelos',
		'oseiasmateus@gmail.com',
		'$2a$12$5A0lxaY5WZ6dNNs11gp1meRyVPZigOzCnRpUKJ2Kr9NO3Qg.CSC.S',
		'1994/12/07',
		'NB',
		'PESQUISAS CIENTÍFICAS APONTAM QUE INTERVENÇÕES EM MINDFULNESS TEM RESULTADO EXPRESSIVO EM SINTOMAS DE ANSIEDADE, Depressão, INSÔNIA, DOR CRÔNICA, AUTOCONTROLE, ESTRESSE, ALÉM DE MELHORAR NÍVEIS DE IMUNIDADE E AUMENTO DE SENTIMENTOS POSITIVOS.',
		null,
		170.00,
		NULL,
		NULL,
		373246370,
		27,
		641758912,
		83,
		NULL,
		94658
	);
INSERT INTO t_clg_especialista (
		NM_ESPECIALISTA,
		DS_EMAIL,
		DS_SENHA,
		DT_NASCIMENTO,
		DS_GENERO,
		DS_SOBRE,
		IM_AVATAR_URL,
		VL_CONSULTA,
		NR_CNPJ,
		NR_CNPJ_DIGITO,
		NR_CPF,
		NR_CPF_DIGITO,
		NR_TELEFONE,
		NR_TELEFONE_DDD,
		NR_CRP,
		NR_CRM
	)
VALUES (
		'Hernâni Saldanha Vasques',
		'hernanisaldanha@gmail.com',
		'$2a$12$Ltccn5pBT4KmC2vmr9trj.X3hSKGadRhR7/mtpEeTZ8HP.RgJ15sq',
		'1975/10/13',
		'M',
		'SOU GRADUADO EM PSICOLOGIA E PÓS GRADUANDO EM TERAPIA COGNITIVO COMPORTAMENTAL NA USCS DE SÃO CAETANO DO SUL. ATENDO PACIENTES COM TRANSTORNOS DE ANSIEDADE, Depressão, PROBLEMAS DE RELACIONAMENTO ENTRE OS CASAIS, PROBLEMAS FAMILIARES, PROBLEMAS COM SEXUALIDADE, ETC. ALÉM DA GRADUAÇÃO EM PSICOLOGIA TENHO TAMBÉM GRADUAÇÃO EM ADMINISTRAÇÃO DE EMPRESAS E PÓS GRADUAÇÃO EM MARKETING, TENDO TRABALHADO POR LONGOS ANOS NA EMPRESA "NESTLÉ S/A" E POSTERIORMENTE NA "CATHO RECOLOCAÇÃO PROFISSIONAL" TENDO PORTANTO VASTA EXPERIÊNCIA NA ÁREA DE ORIENTAÇÃO PROFISSIONAL, CARREIRA E PREPARAÇÃO PARA A APOSENTADORIA PLANEJADA. ENCONTRO-ME À DISPOSIÇÃO PARA O ESCLARECIMENTO DE EVENTUAIS DÚVIDAS.',
		null,
		230.00,
		859781120001,
		74,
		NULL,
		NULL,
		309747173,
		34,
		84751,
		NULL
	);
INSERT INTO t_clg_especialista (
		NM_ESPECIALISTA,
		DS_EMAIL,
		DS_SENHA,
		DT_NASCIMENTO,
		DS_GENERO,
		DS_SOBRE,
		IM_AVATAR_URL,
		VL_CONSULTA,
		NR_CNPJ,
		NR_CNPJ_DIGITO,
		NR_CPF,
		NR_CPF_DIGITO,
		NR_TELEFONE,
		NR_TELEFONE_DDD,
		NR_CRP,
		NR_CRM
	)
VALUES (
		'Sophia Bulhosa Barbosa',
		'sophiabarbosa@gmail.com',
		'$2a$12$X7unYuaRi1GMm9/b4SNDQe8f0HYXaSHKswr01GJ/2YkmBQcSFzbLi',
		'1988/04/18',
		'M',
		'Há MAIS DE 9 ANOS COMO PSICÓLOGA CLÍNICA AUXILIA PESSOAS COM TRANSTORNO DE ANSIEDADE, Depressão, STRESS, SÍNDROME DO PÂNICO, DESEQUILÍBRIO EMOCIONAL, DIFICULDADE DE REALIZAÇÃO PROFISSIONAL, SUICÍDIO, ORIENTAÇÃO VOCACIONAL, SUPERAÇÃO DE DIVÓRCIO, PROBLEMAS CONJUGAIS E CONSTRUÇÃO DE PROJETOS DE VIDA FUTUROS.',
		'https://image.freepik.com/fotos-gratis/doutora-medica-escrevendo-em-seu-bloco-de-notas_13339-197726.jpg',
		145.00,
		NULL,
		NULL,
		774081050,
		93,
		237172547,
		27,
		NULL,
		54789
	);
INSERT INTO t_clg_especialista (
		NM_ESPECIALISTA,
		DS_EMAIL,
		DS_SENHA,
		DT_NASCIMENTO,
		DS_GENERO,
		DS_SOBRE,
		IM_AVATAR_URL,
		VL_CONSULTA,
		NR_CNPJ,
		NR_CNPJ_DIGITO,
		NR_CPF,
		NR_CPF_DIGITO,
		NR_TELEFONE,
		NR_TELEFONE_DDD,
		NR_CRP,
		NR_CRM
	)
VALUES (
		'Juliana Coimbra Cascais',
		'julianacoimbra@gmail.com',
		'$2a$12$Lg3x8pPASkVOHlKx4PTU/O4lCjrT2GWswtLVzSCuHRTRy0nP5EHPu',
		'1979/09/14',
		'M',
		'Atuo na área clínica a 26 anos , com crianças , adolescentes , adultos , casais , grupos de orientação a pais e professores , tendo como base para este trabalho a escuta psicanalítica e os conhecimentos da psicologia , psicossomôtica e neuropsicopedagogia como fazendo parte da minha formação. quando necessário encaminho para outros profissionais e desenvolvo o trabalho em conjunto visando o crescimento e a cura do paciente .amo este trabalho e busco fazer a diferença na vida daqueles que passam por mim "..todo o progresso acontece fora da zona de conforto ,e o ponto de partida para qualquer conquista é o desejo',
		'https://datacor.com.br/wp-content/uploads/2018/03/medico-menor.png',
		240.00,
		NULL,
		NULL,
		524521800,
		33,
		537826801,
		24,
		5741287,
		NULL
	);
INSERT INTO t_clg_especialista (
		NM_ESPECIALISTA,
		DS_EMAIL,
		DS_SENHA,
		DT_NASCIMENTO,
		DS_GENERO,
		DS_SOBRE,
		IM_AVATAR_URL,
		VL_CONSULTA,
		NR_CNPJ,
		NR_CNPJ_DIGITO,
		NR_CPF,
		NR_CPF_DIGITO,
		NR_TELEFONE,
		NR_TELEFONE_DDD,
		NR_CRP,
		NR_CRM
	)
VALUES (
		'Vortechs',
		'vortechs@gmail.com',
		'Teste1',
		'1979/09/14',
		'M',
		'ATUO NA ÁREA CLÍNICA A 26 ANOS , COM CRIANÇAS , ADOLESCENTES , ADULTOS , CASAIS , GRUPOS DE ORIENTAÇÃO A PAIS E PROFESSORES , TENDO COMO BASE PARA ESTE TRABALHO A ESCUTA PSICANALÍTICA E OS CONHECIMENTOS DA PSICOLOGIA , PSICOSSOMÔTICA E NEUROPSICOPEDAGOGIA COMO FAZENDO PARTE DA MINHA FORMAÇÃO. QUANDO NECESSÁRIO ENCAMINHO PARA OUTROS PROFISSIONAIS E DESENVOLVO O TRABALHO EM CONJUNTO VISANDO O CRESCIMENTO E A CURA DO PACIENTE .AMO ESTE TRABALHO E BUSCO FAZER A DIFERENÇA NA VIDA DAQUELES QUE PASSAM POR MIM "..TODO O PROGRESSO ACONTECE FORA DA ZONA DE CONFORTO ,E O PONTO DE PARTIDA PARA QUALQUER CONQUISTA DO DESEJO',
		'https://datacor.com.br/wp-content/uploads/2018/03/medico-menor.png',
		240.00,
		NULL,
		NULL,
		984099500,
		65,
		537847801,
		24,
		5741257,
		NULL
	);

INSERT INTO t_clg_especialista_especialidade (CD_ESPECIALIDADE, CD_ESPECIALISTA)
VALUES (1, 1);
INSERT INTO t_clg_especialista_especialidade (CD_ESPECIALIDADE, CD_ESPECIALISTA)
VALUES (2, 2);
INSERT INTO t_clg_especialista_especialidade (CD_ESPECIALIDADE, CD_ESPECIALISTA)
VALUES (3, 3);
INSERT INTO t_clg_especialista_especialidade (CD_ESPECIALIDADE, CD_ESPECIALISTA)
VALUES (4, 4);
INSERT INTO t_clg_especialista_especialidade (CD_ESPECIALIDADE, CD_ESPECIALISTA)
VALUES (5, 5);
INSERT INTO t_clg_especialista_especialidade (CD_ESPECIALIDADE, CD_ESPECIALISTA)
VALUES (6, 6);
INSERT INTO t_clg_especialista_especialidade (CD_ESPECIALIDADE, CD_ESPECIALISTA)
VALUES (7, 7);
INSERT INTO t_clg_especialista_especialidade (CD_ESPECIALIDADE, CD_ESPECIALISTA)
VALUES (8, 8);
INSERT INTO t_clg_especialista_especialidade (CD_ESPECIALIDADE, CD_ESPECIALISTA)
VALUES (9, 9);
INSERT INTO t_clg_especialista_especialidade (CD_ESPECIALIDADE, CD_ESPECIALISTA)
VALUES (10, 10);

INSERT INTO t_clg_agenda (
		CD_ESPECIALISTA,
		CD_PACIENTE,
		DT_INI_RANGE,
		DT_FIM_RANGE,
		VL_CONFIRMADO,
		NR_DESABILITADO
	)
VALUES (
		1,
		10,
		'2021-08-26 08:00:00',
		'2021-08-26 09:00:00',
		1,
		null
	);
INSERT INTO t_clg_agenda (
		CD_ESPECIALISTA,
		CD_PACIENTE,
		DT_INI_RANGE,
		DT_FIM_RANGE,
		VL_CONFIRMADO,
		NR_DESABILITADO
	)
VALUES (
		2,
		9,
		'2021-08-11 18:00:00',
		'2021-08-11 19:00:00',
		1,
		null
	);
INSERT INTO t_clg_agenda (
		CD_ESPECIALISTA,
		CD_PACIENTE,
		DT_INI_RANGE,
		DT_FIM_RANGE,
		VL_CONFIRMADO,
		NR_DESABILITADO
	)
VALUES (
		3,
		8,
		'2021-10-26 14:00:00',
		'2021-10-26 15:00:00',
		null,
		null
	);
INSERT INTO t_clg_agenda (
		CD_ESPECIALISTA,
		CD_PACIENTE,
		DT_INI_RANGE,
		DT_FIM_RANGE,
		VL_CONFIRMADO,
		NR_DESABILITADO
	)
VALUES (
		4,
		7,
		'2021-11-15 11:00:00',
		'2021-11-15 12:00:00',
		1,
		null
	);
INSERT INTO t_clg_agenda (
		CD_ESPECIALISTA,
		CD_PACIENTE,
		DT_INI_RANGE,
		DT_FIM_RANGE,
		VL_CONFIRMADO,
		NR_DESABILITADO
	)
VALUES (
		5,
		6,
		'2021-11-20 16:00:00',
		'2021-11-20 17:00:00',
		1,
		null
	);
INSERT INTO t_clg_agenda (
		CD_ESPECIALISTA,
		CD_PACIENTE,
		DT_INI_RANGE,
		DT_FIM_RANGE,
		VL_CONFIRMADO,
		NR_DESABILITADO
	)
VALUES (
		6,
		null,
		'2021-11-01 19:00:00',
		'2021-11-01 20:00:00',
		null,
		1
	);
INSERT INTO t_clg_agenda (
		CD_ESPECIALISTA,
		CD_PACIENTE,
		DT_INI_RANGE,
		DT_FIM_RANGE,
		VL_CONFIRMADO,
		NR_DESABILITADO
	)
VALUES (
		7,
		4,
		'2021-12-16 10:00:00',
		'2021-12-16 11:00:00',
		null,
		null
	);
INSERT INTO t_clg_agenda (
		CD_ESPECIALISTA,
		CD_PACIENTE,
		DT_INI_RANGE,
		DT_FIM_RANGE,
		VL_CONFIRMADO,
		NR_DESABILITADO
	)
VALUES (
		8,
		3,
		'2021-12-06 10:00:00',
		'2021-12-06 11:00:00',
		1,
		null
	);
INSERT INTO t_clg_agenda (
		CD_ESPECIALISTA,
		CD_PACIENTE,
		DT_INI_RANGE,
		DT_FIM_RANGE,
		VL_CONFIRMADO,
		NR_DESABILITADO
	)
VALUES (
		9,
		null,
		'2022-01-03 14:00:00',
		'2022-01-03 15:00:00',
		null,
		1
	);
INSERT INTO t_clg_agenda (
		CD_ESPECIALISTA,
		CD_PACIENTE,
		DT_INI_RANGE,
		DT_FIM_RANGE,
		VL_CONFIRMADO,
		NR_DESABILITADO
	)
VALUES (
		10,
		1,
		'2021-12-28 14:00:00',
		'2021-12-28 15:00:00',
		1,
		null
	);

INSERT INTO t_clg_chamada (CD_AGENDA, VL_DURACAO, VL_AVALIACAO)
VALUES (1, 48.00, 3);
INSERT INTO t_clg_chamada (CD_AGENDA, VL_DURACAO, VL_AVALIACAO)
VALUES (2, 65.00, 2);
INSERT INTO t_clg_chamada (CD_AGENDA, VL_DURACAO, VL_AVALIACAO)
VALUES (3, 60.00, null);
INSERT INTO t_clg_chamada (CD_AGENDA, VL_DURACAO, VL_AVALIACAO)
VALUES (4, 55.00, 4);
INSERT INTO t_clg_chamada (CD_AGENDA, VL_DURACAO, VL_AVALIACAO)
VALUES (5, 65.00, 4);
INSERT INTO t_clg_chamada (CD_AGENDA, VL_DURACAO, VL_AVALIACAO)
VALUES (4, 59.00, null);
INSERT INTO t_clg_chamada (CD_AGENDA, VL_DURACAO, VL_AVALIACAO)
VALUES (7, 57.00, 3);
INSERT INTO t_clg_chamada (CD_AGENDA, VL_DURACAO, VL_AVALIACAO)
VALUES (8, 56.00, null);
INSERT INTO t_clg_chamada (CD_AGENDA, VL_DURACAO, VL_AVALIACAO)
VALUES (9, 60.34, 3);
INSERT INTO t_clg_chamada (CD_AGENDA, VL_DURACAO, VL_AVALIACAO)
VALUES (10, 59.00, null);

INSERT INTO t_clg_prontuario (CD_CHAMADA, DS_OBSERVACAO, DS_DIAGNOSTICO)
VALUES (1, NULL, 'Ansiedade e Depressão');
INSERT INTO t_clg_prontuario (CD_CHAMADA, DS_OBSERVACAO, DS_DIAGNOSTICO)
VALUES (2, 'Fazer exercicios físicos', 'Ansiedade');
INSERT INTO t_clg_prontuario (CD_CHAMADA, DS_OBSERVACAO, DS_DIAGNOSTICO)
VALUES (3, NULL, 'Transtorno Afetivo Bipolar');
INSERT INTO t_clg_prontuario (CD_CHAMADA, DS_OBSERVACAO, DS_DIAGNOSTICO)
VALUES (4, NULL, 'Esquizofrenia');
INSERT INTO t_clg_prontuario (CD_CHAMADA, DS_OBSERVACAO, DS_DIAGNOSTICO)
VALUES (
		5,
		'Descobrir um hobby para distração diária',
		'Ansiedade'
	);
INSERT INTO t_clg_prontuario (CD_CHAMADA, DS_OBSERVACAO, DS_DIAGNOSTICO)
VALUES (6, NULL, 'Ansiedade');
INSERT INTO t_clg_prontuario (CD_CHAMADA, DS_OBSERVACAO, DS_DIAGNOSTICO)
VALUES (7, NULL, 'Ansiedade');
INSERT INTO t_clg_prontuario (CD_CHAMADA, DS_OBSERVACAO, DS_DIAGNOSTICO)
VALUES (
		8,
		'Necessita de sessões constantes',
		'Depressão'
	);
INSERT INTO t_clg_prontuario (CD_CHAMADA, DS_OBSERVACAO, DS_DIAGNOSTICO)
VALUES (
		9,
		'Paciente tem mudança de comportamento súbito face a situações adversas',
		'Bipolaridade'
	);
INSERT INTO t_clg_prontuario (CD_CHAMADA, DS_OBSERVACAO, DS_DIAGNOSTICO)
VALUES (
		10,
		'Paciente se queixa de medo constante quando sai as ruas',
		'Transtorno Pós-traumático'
	);
